{
    "camera_angle_x": 0.6194058656692505,
    "frames": [
        {
            "file_path": "./train/r_0",
            "rotation": 0.15707963267948966,
            "transform_matrix": [
                [
                    0.3865697383880615,
                    -0.781463086605072,
                    0.4897748529911041,
                    3.463231086730957
                ],
                [
                    0.9222602844238281,
                    0.3275538980960846,
                    -0.20529142022132874,
                    -1.4516295194625854
                ],
                [
                    0.0,
                    0.531059205532074,
                    0.8473346829414368,
                    5.991560935974121
                ],
                [
                    0.0,
                    0.0,
                    0.0,
                    1.0
                ]
            ]
        },
        {
            "file_path": "./train/r_1",
            "rotation": 0.15707963267948966,
            "transform_matrix": [
                [
                    0.6886988878250122,
                    0.14923137426376343,
                    -0.709523618221283,
                    -5.01708984375
                ],
                [
                    -0.7250474095344543,
                    0.1417500227689743,
                    -0.6739533543586731,
                    -4.765570163726807
                ],
                [
                    7.450580152834618e-09,
                    0.9785892963409424,
                    0.2058228850364685,
                    1.4553877115249634
                ],
                [
                    0.0,
                    0.0,
                    0.0,
                    1.0
                ]
            ]
        },
        {
            "file_path": "./train/r_2",
            "rotation": 0.15707963267948966,
            "transform_matrix": [
                [
                    -0.7360567450523376,
                    -0.14039382338523865,
                    0.6622008681297302,
                    4.682466983795166
                ],
                [
                    0.67691969871521,
                    -0.15265889465808868,
                    0.7200520038604736,
                    5.091536521911621
                ],
                [
                    0.0,
                    0.9782559871673584,
                    0.20740096271038055,
                    1.4665461778640747
                ],
                [
                    0.0,
                    0.0,
                    0.0,
                    1.0
                ]
            ]
        },
        {
            "file_path": "./train/r_3",
            "rotation": 0.15707963267948966,
            "transform_matrix": [
                [
                    -0.4258415699005127,
                    -0.8625075221061707,
                    0.27338549494743347,
                    1.933127522468567
                ],
                [
                    0.9047976732254028,
                    -0.4059377908706665,
                    0.12866844236850739,
                    0.9098233580589294
                ],
                [
                    0.0,
                    0.3021511137485504,
                    0.9532601237297058,
                    6.740567207336426
                ],
                [
                    0.0,
                    0.0,
                    0.0,
                    1.0
                ]
            ]
        },
        {
            "file_path": "./train/r_4",
            "rotation": 0.15707963267948966,
            "transform_matrix": [
                [
                    -0.48589569330215454,
                    -0.7705990076065063,
                    0.4124106168746948,
                    2.9161832332611084
                ],
                [
                    0.8740168809890747,
                    -0.4284021854400635,
                    0.22927308082580566,
                    1.621205449104309
                ],
                [
                    0.0,
                    0.47185662388801575,
                    0.8816753029823303,
                    6.2343854904174805
                ],
                [
                    0.0,
                    0.0,
                    0.0,
                    1.0
                ]
            ]
        },
        {
            "file_path": "./train/r_5",
            "rotation": 0.15707963267948966,
            "transform_matrix": [
                [
                    0.7676025629043579,
                    -0.1223781630396843,
                    0.6291343569755554,
                    4.4486517906188965
                ],
                [
                    0.6409263014793396,
                    0.14656566083431244,
                    -0.7534799575805664,
                    -5.327908039093018
                ],
                [
                    0.0,
                    0.9816018342971802,
                    0.1909395456314087,
                    1.3501465320587158
                ],
                [
                    0.0,
                    0.0,
                    0.0,
                    1.0
                ]
            ]
        },
        {
            "file_path": "./train/r_6",
            "rotation": 0.15707963267948966,
            "transform_matrix": [
                [
                    0.9986709952354431,
                    -0.026932941749691963,
                    0.043941088020801544,
                    0.31071043014526367
                ],
                [
                    0.051538363099098206,
                    0.5218859910964966,
                    -0.851456880569458,
                    -6.02070951461792
                ],
                [
                    0.0,
                    0.8525899648666382,
                    0.5225805044174194,
                    3.695202350616455
                ],
                [
                    0.0,
                    0.0,
                    0.0,
                    1.0
                ]
            ]
        },
        {
            "file_path": "./train/r_7",
            "rotation": 0.15707963267948966,
            "transform_matrix": [
                [
                    0.7600023746490479,
                    -0.5692669153213501,
                    0.3135785460472107,
                    2.2173352241516113
                ],
                [
                    0.6499203443527222,
                    0.6656880974769592,
                    -0.36669179797172546,
                    -2.592902660369873
                ],
                [
                    0.0,
                    0.48248782753944397,
                    0.8759027123451233,
                    6.193567752838135
                ],
                [
                    0.0,
                    0.0,
                    0.0,
                    1.0
                ]
            ]
        },
        {
            "file_path": "./train/r_8",
            "rotation": 0.15707963267948966,
            "transform_matrix": [
                [
                    -0.9967990517616272,
                    0.016746772453188896,
                    -0.07817346602678299,
                    -0.5527698397636414
                ],
                [
                    -0.07994712889194489,
                    -0.20880255103111267,
                    0.9746845364570618,
                    6.892060279846191
                ],
                [
                    0.0,
                    0.9778144359588623,
                    0.20947304368019104,
                    1.4811980724334717
                ],
                [
                    0.0,
                    0.0,
                    0.0,
                    1.0
                ]
            ]
        },
        {
            "file_path": "./train/r_9",
            "rotation": 0.15707963267948966,
            "transform_matrix": [
                [
                    0.9585036635398865,
                    0.14583396911621094,
                    -0.24495543539524078,
                    -1.732096552848816
                ],
                [
                    -0.2850801646709442,
                    0.49032658338546753,
                    -0.8235952258110046,
                    -5.823698043823242
                ],
                [
                    0.0,
                    0.8592509031295776,
                    0.5115541815757751,
                    3.617234468460083
                ],
                [
                    0.0,
                    0.0,
                    0.0,
                    1.0
                ]
            ]
        },
        {
            "file_path": "./train/r_10",
            "rotation": 0.15707963267948966,
            "transform_matrix": [
                [
                    0.8796826004981995,
                    -0.3890725076198578,
                    0.27346131205558777,
                    1.9336633682250977
                ],
                [
                    0.4755612313747406,
                    0.7196976542472839,
                    -0.5058426260948181,
                    -3.576847553253174
                ],
                [
                    -1.4901160305669237e-08,
                    0.5750285387039185,
                    0.8181334137916565,
                    5.78507661819458
                ],
                [
                    0.0,
                    0.0,
                    0.0,
                    1.0
                ]
            ]
        },
        {
            "file_path": "./train/r_11",
            "rotation": 0.15707963267948966,
            "transform_matrix": [
                [
                    -0.6445836424827576,
                    -0.665695071220398,
                    0.37598124146461487,
                    2.6585888862609863
                ],
                [
                    0.7645338177680969,
                    -0.5612520575523376,
                    0.3169923424720764,
                    2.2414743900299072
                ],
                [
                    1.4901161193847656e-08,
                    0.4917784631252289,
                    0.8707202672958374,
                    6.156922340393066
                ],
                [
                    0.0,
                    0.0,
                    0.0,
                    1.0
                ]
            ]
        },
        {
            "file_path": "./train/r_12",
            "rotation": 0.15707963267948966,
            "transform_matrix": [
                [
                    0.9657655358314514,
                    -0.15607577562332153,
                    0.20721326768398285,
                    1.4652191400527954
                ],
                [
                    0.2594166398048401,
                    0.5810444951057434,
                    -0.7714208960533142,
                    -5.454769611358643
                ],
                [
                    -1.4901161193847656e-08,
                    0.7987661957740784,
                    0.6016413569450378,
                    4.254247188568115
                ],
                [
                    0.0,
                    0.0,
                    0.0,
                    1.0
                ]
            ]
        },
        {
            "file_path": "./train/r_13",
            "rotation": 0.15707963267948966,
            "transform_matrix": [
                [
                    0.9437151551246643,
                    0.31680527329444885,
                    -0.09505843371152878,
                    -0.6721646785736084
                ],
                [
                    -0.33075928688049316,
                    0.9039019346237183,
                    -0.2712186574935913,
                    -1.917805552482605
                ],
                [
                    0.0,
                    0.28739452362060547,
                    0.9578122496604919,
                    6.7727556228637695
                ],
                [
                    0.0,
                    0.0,
                    0.0,
                    1.0
                ]
            ]
        },
        {
            "file_path": "./train/r_14",
            "rotation": 0.15707963267948966,
            "transform_matrix": [
                [
                    -0.8135390281677246,
                    0.3818519711494446,
                    -0.4385697543621063,
                    -3.101156234741211
                ],
                [
                    -0.5815104246139526,
                    -0.5342147946357727,
                    0.6135635375976562,
                    4.3385491371154785
                ],
                [
                    0.0,
                    0.7541907429695129,
                    0.656655490398407,
                    4.643255233764648
                ],
                [
                    0.0,
                    0.0,
                    0.0,
                    1.0
                ]
            ]
        },
        {
            "file_path": "./train/r_15",
            "rotation": 0.15707963267948966,
            "transform_matrix": [
                [
                    -0.47830918431282043,
                    -0.3784415125846863,
                    0.7924659848213196,
                    5.603580474853516
                ],
                [
                    0.8781915307044983,
                    -0.206119105219841,
                    0.4316185414791107,
                    3.052003860473633
                ],
                [
                    1.4901161193847656e-08,
                    0.9023840427398682,
                    0.43093276023864746,
                    3.047154664993286
                ],
                [
                    0.0,
                    0.0,
                    0.0,
                    1.0
                ]
            ]
        },
        {
            "file_path": "./train/r_16",
            "rotation": 0.15707963267948966,
            "transform_matrix": [
                [
                    -0.9813432693481445,
                    0.03722444176673889,
                    -0.18862545490264893,
                    -1.333783507347107
                ],
                [
                    -0.1922634094953537,
                    -0.1899995356798172,
                    0.9627745747566223,
                    6.807844638824463
                ],
                [
                    -3.725290298461914e-09,
                    0.9810782074928284,
                    0.19361168146133423,
                    1.3690414428710938
                ],
                [
                    0.0,
                    0.0,
                    0.0,
                    1.0
                ]
            ]
        },
        {
            "file_path": "./train/r_17",
            "rotation": 0.15707963267948966,
            "transform_matrix": [
                [
                    0.2814498841762543,
                    0.5210800170898438,
                    -0.805767834186554,
                    -5.697638034820557
                ],
                [
                    -0.9595760107040405,
                    0.1528361588716507,
                    -0.23633694648742676,
                    -1.671154260635376
                ],
                [
                    0.0,
                    0.8397122621536255,
                    0.543031632900238,
                    3.839812755584717
                ],
                [
                    0.0,
                    0.0,
                    0.0,
                    1.0
                ]
            ]
        },
        {
            "file_path": "./train/r_18",
            "rotation": 0.15707963267948966,
            "transform_matrix": [
                [
                    -0.9235459566116333,
                    -0.2861771285533905,
                    0.25527530908584595,
                    1.8050689697265625
                ],
                [
                    0.3834877014160156,
                    -0.6891947984695435,
                    0.6147745251655579,
                    4.34711217880249
                ],
                [
                    1.4901160305669237e-08,
                    0.6656674742698669,
                    0.7462484836578369,
                    5.276773452758789
                ],
                [
                    0.0,
                    0.0,
                    0.0,
                    1.0
                ]
            ]
        },
        {
            "file_path": "./train/r_19",
            "rotation": 0.15707963267948966,
            "transform_matrix": [
                [
                    0.13615261018276215,
                    0.9054622650146484,
                    -0.40199559926986694,
                    -2.8425381183624268
                ],
                [
                    -0.9906877875328064,
                    0.12443985790014267,
                    -0.055247221142053604,
                    -0.39065685868263245
                ],
                [
                    0.0,
                    0.40577432513237,
                    0.913973331451416,
                    6.462767601013184
                ],
                [
                    0.0,
                    0.0,
                    0.0,
                    1.0
                ]
            ]
        },
        {
            "file_path": "./train/r_20",
            "rotation": 0.15707963267948966,
            "transform_matrix": [
                [
                    -0.4615664482116699,
                    -0.4311942458152771,
                    0.7752598524093628,
                    5.481915473937988
                ],
                [
                    0.8871057033538818,
                    -0.22435297071933746,
                    0.4033723771572113,
                    2.85227370262146
                ],
                [
                    0.0,
                    0.8739205002784729,
                    0.4860686957836151,
                    3.4370248317718506
                ],
                [
                    0.0,
                    0.0,
                    0.0,
                    1.0
                ]
            ]
        },
        {
            "file_path": "./train/r_21",
            "rotation": 0.15707963267948966,
            "transform_matrix": [
                [
                    0.9276806116104126,
                    0.21763388812541962,
                    -0.30338796973228455,
                    -2.1452767848968506
                ],
                [
                    -0.3733748495578766,
                    0.5407293438911438,
                    -0.7537924647331238,
                    -5.330117225646973
                ],
                [
                    -1.4901161193847656e-08,
                    0.8125560283660889,
                    0.5828831195831299,
                    4.12160587310791
                ],
                [
                    0.0,
                    0.0,
                    0.0,
                    1.0
                ]
            ]
        },
        {
            "file_path": "./train/r_22",
            "rotation": 0.15707963267948966,
            "transform_matrix": [
                [
                    -0.12899217009544373,
                    -0.785569429397583,
                    0.6051791310310364,
                    4.279262542724609
                ],
                [
                    0.9916456937789917,
                    -0.10218599438667297,
                    0.07872102409601212,
                    0.556641697883606
                ],
                [
                    3.725290298461914e-09,
                    0.6102775931358337,
                    0.7921876311302185,
                    5.601612091064453
                ],
                [
                    0.0,
                    0.0,
                    0.0,
                    1.0
                ]
            ]
        },
        {
            "file_path": "./train/r_23",
            "rotation": 0.15707963267948966,
            "transform_matrix": [
                [
                    0.6245637536048889,
                    0.19495202600955963,
                    -0.7562498450279236,
                    -5.347493648529053
                ],
                [
                    -0.7809736728668213,
                    0.15590789914131165,
                    -0.6047914624214172,
                    -4.2765212059021
                ],
                [
                    7.4505792646561986e-09,
                    0.968342125415802,
                    0.24962686002254486,
                    1.7651283740997314
                ],
                [
                    0.0,
                    0.0,
                    0.0,
                    1.0
                ]
            ]
        },
        {
            "file_path": "./train/r_24",
            "rotation": 0.15707963267948966,
            "transform_matrix": [
                [
                    -0.7816394567489624,
                    0.39056694507598877,
                    -0.48630988597869873,
                    -3.438730001449585
                ],
                [
                    -0.6237305402755737,
                    -0.48944616317749023,
                    0.6094281673431396,
                    4.30930757522583
                ],
                [
                    -1.4901161193847656e-08,
                    0.7796792984008789,
                    0.6261789798736572,
                    4.427753925323486
                ],
                [
                    0.0,
                    0.0,
                    0.0,
                    1.0
                ]
            ]
        },
        {
            "file_path": "./train/r_25",
            "rotation": 0.15707963267948966,
            "transform_matrix": [
                [
                    0.95820552110672,
                    -0.15988540649414062,
                    0.2372315227985382,
                    1.6774802207946777
                ],
                [
                    0.28608062863349915,
                    0.5355240702629089,
                    -0.7945890426635742,
                    -5.618593215942383
                ],
                [
                    0.0,
                    0.8292470574378967,
                    0.5588822364807129,
                    3.9518942832946777
                ],
                [
                    0.0,
                    0.0,
                    0.0,
                    1.0
                ]
            ]
        },
        {
            "file_path": "./train/r_26",
            "rotation": 0.15707963267948966,
            "transform_matrix": [
                [
                    -0.6958325505256653,
                    -0.470448762178421,
                    0.5426739454269409,
                    3.837284564971924
                ],
                [
                    0.7182039618492126,
                    -0.45579466223716736,
                    0.5257701277732849,
                    3.717756509780884
                ],
                [
                    -1.4901160305669237e-08,
                    0.7555986046791077,
                    0.6550348997116089,
                    4.631796360015869
                ],
                [
                    0.0,
                    0.0,
                    0.0,
                    1.0
                ]
            ]
        },
        {
            "file_path": "./train/r_27",
            "rotation": 0.15707963267948966,
            "transform_matrix": [
                [
                    0.5304737091064453,
                    -0.5424282550811768,
                    0.6514362692832947,
                    4.606349945068359
                ],
                [
                    0.847701370716095,
                    0.3394402265548706,
                    -0.40765511989593506,
                    -2.882556915283203
                ],
                [
                    -2.9802322387695312e-08,
                    0.7684736847877502,
                    0.6398813724517822,
                    4.524644374847412
                ],
                [
                    0.0,
                    0.0,
                    0.0,
                    1.0
                ]
            ]
        },
        {
            "file_path": "./train/r_28",
            "rotation": 0.15707963267948966,
            "transform_matrix": [
                [
                    -0.2826412320137024,
                    0.9363834857940674,
                    -0.20808635652065277,
                    -1.4713928699493408
                ],
                [
                    -0.9592257142066956,
                    -0.2759106755256653,
                    0.06131381914019585,
                    0.43355420231819153
                ],
                [
                    0.0,
                    0.21693149209022522,
                    0.9761867523193359,
                    6.902683258056641
                ],
                [
                    0.0,
                    0.0,
                    0.0,
                    1.0
                ]
            ]
        },
        {
            "file_path": "./train/r_29",
            "rotation": 0.15707963267948966,
            "transform_matrix": [
                [
                    0.08835604041814804,
                    -0.5015696883201599,
                    0.8605934977531433,
                    6.085314750671387
                ],
                [
                    0.996088981628418,
                    0.044490713626146317,
                    -0.07633718848228455,
                    -0.5397853851318359
                ],
                [
                    0.0,
                    0.8639724850654602,
                    0.5035390257835388,
                    3.560558319091797
                ],
                [
                    0.0,
                    0.0,
                    0.0,
                    1.0
                ]
            ]
        },
        {
            "file_path": "./train/r_30",
            "rotation": 0.15707963267948966,
            "transform_matrix": [
                [
                    0.9225599765777588,
                    0.10104785859584808,
                    -0.37238752841949463,
                    -2.6331775188446045
                ],
                [
                    -0.3858537971973419,
                    0.2416010946035385,
                    -0.8903626799583435,
                    -6.2958149909973145
                ],
                [
                    -7.450580596923828e-09,
                    0.965100109577179,
                    0.2618812024593353,
                    1.851779818534851
                ],
                [
                    0.0,
                    0.0,
                    0.0,
                    1.0
                ]
            ]
        },
        {
            "file_path": "./train/r_31",
            "rotation": 0.15707963267948966,
            "transform_matrix": [
                [
                    0.5138607025146484,
                    -0.5549655556678772,
                    0.6541868448257446,
                    4.625799179077148
                ],
                [
                    0.8578736782073975,
                    0.3324207663536072,
                    -0.3918536305427551,
                    -2.7708234786987305
                ],
                [
                    -2.9802322387695312e-08,
                    0.7625678777694702,
                    0.6469082832336426,
                    4.574332237243652
                ],
                [
                    0.0,
                    0.0,
                    0.0,
                    1.0
                ]
            ]
        },
        {
            "file_path": "./train/r_32",
            "rotation": 0.15707963267948966,
            "transform_matrix": [
                [
                    0.5657168030738831,
                    0.5932561755180359,
                    -0.5727229714393616,
                    -4.049762725830078
                ],
                [
                    -0.8245996236801147,
                    0.40700358152389526,
                    -0.39291679859161377,
                    -2.778341293334961
                ],
                [
                    -1.4901161193847656e-08,
                    0.6945466995239258,
                    0.7194476127624512,
                    5.0872626304626465
                ],
                [
                    0.0,
                    0.0,
                    0.0,
                    1.0
                ]
            ]
        },
        {
            "file_path": "./train/r_33",
            "rotation": 0.15707963267948966,
            "transform_matrix": [
                [
                    0.8269219398498535,
                    0.4209878146648407,
                    -0.3727860152721405,
                    -2.6359951496124268
                ],
                [
                    -0.5623167753219604,
                    0.619088888168335,
                    -0.5482051372528076,
                    -3.8763957023620605
                ],
                [
                    0.0,
                    0.6629466414451599,
                    0.7486666440963745,
                    5.293872356414795
                ],
                [
                    0.0,
                    0.0,
                    0.0,
                    1.0
                ]
            ]
        },
        {
            "file_path": "./train/r_34",
            "rotation": 0.15707963267948966,
            "transform_matrix": [
                [
                    -0.9428892731666565,
                    0.09225371479988098,
                    -0.32007691264152527,
                    -2.2632856369018555
                ],
                [
                    -0.3331065773963928,
                    -0.26113271713256836,
                    0.9060075283050537,
                    6.4064412117004395
                ],
                [
                    7.450581485102248e-09,
                    0.9608844518661499,
                    0.27694952487945557,
                    1.9583289623260498
                ],
                [
                    0.0,
                    0.0,
                    0.0,
                    1.0
                ]
            ]
        },
        {
            "file_path": "./train/r_35",
            "rotation": 0.15707963267948966,
            "transform_matrix": [
                [
                    0.8169612288475037,
                    -0.5639928579330444,
                    0.12035935372114182,
                    0.8510690927505493
                ],
                [
                    0.5766925811767578,
                    0.7989704012870789,
                    -0.17050492763519287,
                    -1.205651879310608
                ],
                [
                    0.0,
                    0.2087065428495407,
                    0.9779784083366394,
                    6.915351390838623
                ],
                [
                    0.0,
                    0.0,
                    0.0,
                    1.0
                ]
            ]
        },
        {
            "file_path": "./train/r_36",
            "rotation": 0.15707963267948966,
            "transform_matrix": [
                [
                    -0.10166739672422409,
                    -0.24904710054397583,
                    0.9631402492523193,
                    6.810430526733398
                ],
                [
                    0.9948184490203857,
                    -0.02545185387134552,
                    0.09842998534440994,
                    0.6960051655769348
                ],
                [
                    1.862645149230957e-09,
                    0.9681568741798401,
                    0.25034424662590027,
                    1.7702012062072754
                ],
                [
                    0.0,
                    0.0,
                    0.0,
                    1.0
                ]
            ]
        },
        {
            "file_path": "./train/r_37",
            "rotation": 0.15707963267948966,
            "transform_matrix": [
                [
                    0.9990119338035583,
                    -0.007040577940642834,
                    0.043884068727493286,
                    0.31030723452568054
                ],
                [
                    0.04444526880979538,
                    0.15825356543064117,
                    -0.9863976836204529,
                    -6.9748854637146
                ],
                [
                    -9.313227966600834e-10,
                    0.9873732924461365,
                    0.15841010212898254,
                    1.1201286315917969
                ],
                [
                    0.0,
                    0.0,
                    0.0,
                    1.0
                ]
            ]
        },
        {
            "file_path": "./train/r_38",
            "rotation": 0.15707963267948966,
            "transform_matrix": [
                [
                    -0.131879985332489,
                    0.36884161829948425,
                    -0.9200888872146606,
                    -6.50601053237915
                ],
                [
                    -0.9912657737731934,
                    -0.049071427434682846,
                    0.12241046875715256,
                    0.8655726909637451
                ],
                [
                    0.0,
                    0.9281959533691406,
                    0.3720915913581848,
                    2.631084680557251
                ],
                [
                    0.0,
                    0.0,
                    0.0,
                    1.0
                ]
            ]
        },
        {
            "file_path": "./train/r_39",
            "rotation": 0.15707963267948966,
            "transform_matrix": [
                [
                    0.9157997965812683,
                    -0.057330261915922165,
                    0.39752233028411865,
                    2.8109071254730225
                ],
                [
                    0.4016351103782654,
                    0.130723237991333,
                    -0.9064218997955322,
                    -6.409370422363281
                ],
                [
                    -3.725290298461914e-09,
                    0.9897599220275879,
                    0.14274215698242188,
                    1.009339451789856
                ],
                [
                    0.0,
                    0.0,
                    0.0,
                    1.0
                ]
            ]
        }
    ]
}