{
    "camera_angle_x": 0.6911112070083618,
    "frames": [
        {
            "file_path": "./train/r_51",
            "rotation": 0.031415926535897934,
            "transform_matrix": [
                [
                    0.9980266690254211,
                    -0.028680982068181038,
                    0.05585860833525658,
                    0.2251732498407364
                ],
                [
                    0.06279158592224121,
                    0.45586341619491577,
                    -0.8878320455551147,
                    -3.578965425491333
                ],
                [
                    0.0,
                    0.8895875811576843,
                    0.45676475763320923,
                    1.8412775993347168
                ],
                [
                    0.0,
                    0.0,
                    0.0,
                    1.0
                ]
            ]
        },
        {
            "file_path": "./train/r_188",
            "rotation": 0.031415926535897934,
            "transform_matrix": [
                [
                    -0.7289712429046631,
                    -0.48894402384757996,
                    0.47909772396087646,
                    1.931304693222046
                ],
                [
                    0.6845442652702332,
                    -0.5206765532493591,
                    0.5101912021636963,
                    2.0566465854644775
                ],
                [
                    0.0,
                    0.6998783946037292,
                    0.7142620086669922,
                    2.879282236099243
                ],
                [
                    0.0,
                    0.0,
                    0.0,
                    1.0
                ]
            ]
        },
        {
            "file_path": "./train/r_22",
            "rotation": 0.031415926535897934,
            "transform_matrix": [
                [
                    -0.18738099932670593,
                    0.6702184677124023,
                    -0.7181195616722107,
                    -2.8948326110839844
                ],
                [
                    -0.9822872877120972,
                    -0.12785077095031738,
                    0.13698838651180267,
                    0.5522178411483765
                ],
                [
                    7.450580596923828e-09,
                    0.7310687303543091,
                    0.682303786277771,
                    2.7504544258117676
                ],
                [
                    0.0,
                    0.0,
                    0.0,
                    1.0
                ]
            ]
        },
        {
            "file_path": "./train/r_92",
            "rotation": 0.031415926535897934,
            "transform_matrix": [
                [
                    -0.8763076066970825,
                    -0.06639131903648376,
                    0.47715532779693604,
                    1.923474669456482
                ],
                [
                    0.48175206780433655,
                    -0.12076588720083237,
                    0.8679461479187012,
                    3.498802900314331
                ],
                [
                    -3.725290742551124e-09,
                    0.9904583692550659,
                    0.13781221210956573,
                    0.5555387735366821
                ],
                [
                    0.0,
                    0.0,
                    0.0,
                    1.0
                ]
            ]
        },
        {
            "file_path": "./train/r_57",
            "rotation": 0.031415926535897934,
            "transform_matrix": [
                [
                    0.9048265814781189,
                    -0.16924019157886505,
                    0.39070025086402893,
                    1.574963092803955
                ],
                [
                    0.42578041553497314,
                    0.359652578830719,
                    -0.830277681350708,
                    -3.346956491470337
                ],
                [
                    0.0,
                    0.9176098108291626,
                    0.39748236536979675,
                    1.6023026704788208
                ],
                [
                    0.0,
                    0.0,
                    0.0,
                    1.0
                ]
            ]
        },
        {
            "file_path": "./train/r_61",
            "rotation": 0.031415926535897934,
            "transform_matrix": [
                [
                    0.7705124616622925,
                    -0.2282421737909317,
                    0.5951606035232544,
                    2.3991692066192627
                ],
                [
                    0.6374250650405884,
                    0.2758966386318207,
                    -0.7194236516952515,
                    -2.9000895023345947
                ],
                [
                    0.0,
                    0.9336950182914734,
                    0.3580690920352936,
                    1.4434226751327515
                ],
                [
                    0.0,
                    0.0,
                    0.0,
                    1.0
                ]
            ]
        },
        {
            "file_path": "./train/r_187",
            "rotation": 0.031415926535897934,
            "transform_matrix": [
                [
                    -0.6845499277114868,
                    -0.5183590054512024,
                    0.5125381946563721,
                    2.0661075115203857
                ],
                [
                    0.7289659976959229,
                    -0.4867752194404602,
                    0.48130908608436584,
                    1.9402190446853638
                ],
                [
                    -1.4901161193847656e-08,
                    0.7031030058860779,
                    0.7110880017280579,
                    2.866487503051758
                ],
                [
                    0.0,
                    0.0,
                    0.0,
                    1.0
                ]
            ]
        },
        {
            "file_path": "./train/r_38",
            "rotation": 0.031415926535897934,
            "transform_matrix": [
                [
                    0.728969156742096,
                    0.3940356373786926,
                    -0.5597676634788513,
                    -2.256495714187622
                ],
                [
                    -0.6845465302467346,
                    0.4196060001850128,
                    -0.596092939376831,
                    -2.4029273986816406
                ],
                [
                    1.4901162970204496e-08,
                    0.8177202939987183,
                    0.5756155848503113,
                    2.320380687713623
                ],
                [
                    0.0,
                    0.0,
                    0.0,
                    1.0
                ]
            ]
        },
        {
            "file_path": "./train/r_133",
            "rotation": 0.031415926535897934,
            "transform_matrix": [
                [
                    0.4817558228969574,
                    0.24790626764297485,
                    -0.8405081033706665,
                    -3.3881962299346924
                ],
                [
                    -0.8763054609298706,
                    0.13628841936588287,
                    -0.46207594871520996,
                    -1.8626874685287476
                ],
                [
                    7.4505797087454084e-09,
                    0.9591495394706726,
                    0.2828993797302246,
                    1.1404037475585938
                ],
                [
                    0.0,
                    0.0,
                    0.0,
                    1.0
                ]
            ]
        },
        {
            "file_path": "./train/r_33",
            "rotation": 0.031415926535897934,
            "transform_matrix": [
                [
                    0.4817541837692261,
                    0.5385887622833252,
                    -0.6912562251091003,
                    -2.7865428924560547
                ],
                [
                    -0.8763064742088318,
                    0.29609206318855286,
                    -0.3800218403339386,
                    -1.5319170951843262
                ],
                [
                    -1.4901161193847656e-08,
                    0.7888293862342834,
                    0.6146122813224792,
                    2.477581262588501
                ],
                [
                    0.0,
                    0.0,
                    0.0,
                    1.0
                ]
            ]
        },
        {
            "file_path": "./train/r_193",
            "rotation": 0.031415926535897934,
            "transform_matrix": [
                [
                    -0.9048287272453308,
                    -0.3093682527542114,
                    0.29253408312797546,
                    1.179242730140686
                ],
                [
                    0.4257756769657135,
                    -0.6574478149414062,
                    0.6216729879379272,
                    2.5060441493988037
                ],
                [
                    1.4901161193847656e-08,
                    0.687061607837677,
                    0.7265990972518921,
                    2.9290149211883545
                ],
                [
                    0.0,
                    0.0,
                    0.0,
                    1.0
                ]
            ]
        },
        {
            "file_path": "./train/r_146",
            "rotation": 0.031415926535897934,
            "transform_matrix": [
                [
                    0.9685838222503662,
                    0.10131460428237915,
                    -0.2271137684583664,
                    -0.9155248403549194
                ],
                [
                    -0.24868716299533844,
                    0.39459890127182007,
                    -0.8845599889755249,
                    -3.565775156021118
                ],
                [
                    0.0,
                    0.913250744342804,
                    0.4073978364467621,
                    1.642273187637329
                ],
                [
                    0.0,
                    0.0,
                    0.0,
                    1.0
                ]
            ]
        },
        {
            "file_path": "./train/r_2",
            "rotation": 0.031415926535897934,
            "transform_matrix": [
                [
                    -0.9921147227287292,
                    0.09199368208646774,
                    -0.08512099832296371,
                    -0.34313371777534485
                ],
                [
                    -0.12533323466777802,
                    -0.7282049655914307,
                    0.6738020777702332,
                    2.7161829471588135
                ],
                [
                    0.0,
                    0.6791574358940125,
                    0.7339926958084106,
                    2.9588191509246826
                ],
                [
                    0.0,
                    0.0,
                    0.0,
                    1.0
                ]
            ]
        },
        {
            "file_path": "./train/r_143",
            "rotation": 0.031415926535897934,
            "transform_matrix": [
                [
                    0.9048282504081726,
                    0.16081689298152924,
                    -0.39423832297325134,
                    -1.5892254114151
                ],
                [
                    -0.4257768988609314,
                    0.3417556881904602,
                    -0.837804913520813,
                    -3.3772995471954346
                ],
                [
                    0.0,
                    0.9259271025657654,
                    0.3777022957801819,
                    1.522566556930542
                ],
                [
                    0.0,
                    0.0,
                    0.0,
                    1.0
                ]
            ]
        },
        {
            "file_path": "./train/r_34",
            "rotation": 0.031415926535897934,
            "transform_matrix": [
                [
                    0.5358273983001709,
                    0.5126674771308899,
                    -0.6708659529685974,
                    -2.7043471336364746
                ],
                [
                    -0.8443276882171631,
                    0.3253491222858429,
                    -0.4257450997829437,
                    -1.7162333726882935
                ],
                [
                    -1.4901162970204496e-08,
                    0.7945564985275269,
                    0.6071901917457581,
                    2.447661876678467
                ],
                [
                    0.0,
                    0.0,
                    0.0,
                    1.0
                ]
            ]
        },
        {
            "file_path": "./train/r_155",
            "rotation": 0.031415926535897934,
            "transform_matrix": [
                [
                    0.9510555267333984,
                    -0.1530686616897583,
                    0.2684459686279297,
                    1.082140326499939
                ],
                [
                    0.3090197741985321,
                    0.4710921347141266,
                    -0.8261833786964417,
                    -3.330451726913452
                ],
                [
                    0.0,
                    0.8687013983726501,
                    0.49533605575561523,
                    1.9967634677886963
                ],
                [
                    0.0,
                    0.0,
                    0.0,
                    1.0
                ]
            ]
        },
        {
            "file_path": "./train/r_158",
            "rotation": 0.031415926535897934,
            "transform_matrix": [
                [
                    0.8763052225112915,
                    -0.2520974278450012,
                    0.4105314612388611,
                    1.6549052000045776
                ],
                [
                    0.4817563593387604,
                    0.45856016874313354,
                    -0.7467485070228577,
                    -3.010239601135254
                ],
                [
                    0.0,
                    0.8521557450294495,
                    0.5232881903648376,
                    2.1094422340393066
                ],
                [
                    0.0,
                    0.0,
                    0.0,
                    1.0
                ]
            ]
        },
        {
            "file_path": "./train/r_93",
            "rotation": 0.031415926535897934,
            "transform_matrix": [
                [
                    -0.904827892780304,
                    -0.05745357647538185,
                    0.42188340425491333,
                    1.7006664276123047
                ],
                [
                    0.4257775843143463,
                    -0.12209566682577133,
                    0.896552324295044,
                    3.6141180992126465
                ],
                [
                    0.0,
                    0.990854024887085,
                    0.13493800163269043,
                    0.543952465057373
                ],
                [
                    0.0,
                    0.0,
                    0.0,
                    1.0
                ]
            ]
        },
        {
            "file_path": "./train/r_62",
            "rotation": 0.031415926535897934,
            "transform_matrix": [
                [
                    0.7289677262306213,
                    -0.23845364153385162,
                    0.6416743993759155,
                    2.586671829223633
                ],
                [
                    0.6845480799674988,
                    0.2539266347885132,
                    -0.683311939239502,
                    -2.7545182704925537
                ],
                [
                    0.0,
                    0.9373692274093628,
                    0.348337322473526,
                    1.4041924476623535
                ],
                [
                    0.0,
                    0.0,
                    0.0,
                    1.0
                ]
            ]
        },
        {
            "file_path": "./train/r_109",
            "rotation": 0.031415926535897934,
            "transform_matrix": [
                [
                    -0.8443267345428467,
                    0.0723036676645279,
                    -0.5309280753135681,
                    -2.1402394771575928
                ],
                [
                    -0.5358287692070007,
                    -0.11393176764249802,
                    0.8366044759750366,
                    3.3724606037139893
                ],
                [
                    0.0,
                    0.990854024887085,
                    0.13493800163269043,
                    0.543952465057373
                ],
                [
                    0.0,
                    0.0,
                    0.0,
                    1.0
                ]
            ]
        },
        {
            "file_path": "./train/r_141",
            "rotation": 0.031415926535897934,
            "transform_matrix": [
                [
                    0.8443294763565063,
                    0.19186221063137054,
                    -0.5002967715263367,
                    -2.01676082611084
                ],
                [
                    -0.535824716091156,
                    0.3023282289505005,
                    -0.7883461117744446,
                    -3.177924871444702
                ],
                [
                    1.4901164746561335e-08,
                    0.9336950182914734,
                    0.3580690920352936,
                    1.4434226751327515
                ],
                [
                    0.0,
                    0.0,
                    0.0,
                    1.0
                ]
            ]
        },
        {
            "file_path": "./train/r_72",
            "rotation": 0.031415926535897934,
            "transform_matrix": [
                [
                    0.18738000094890594,
                    -0.25237277150154114,
                    0.9493138194084167,
                    3.8268063068389893
                ],
                [
                    0.9822875261306763,
                    0.04814233258366585,
                    -0.18108996748924255,
                    -0.7299969792366028
                ],
                [
                    -3.725290298461914e-09,
                    0.9664316773414612,
                    0.2569235563278198,
                    1.0356919765472412
                ],
                [
                    0.0,
                    0.0,
                    0.0,
                    1.0
                ]
            ]
        },
        {
            "file_path": "./train/r_94",
            "rotation": 0.031415926535897934,
            "transform_matrix": [
                [
                    -0.9297771453857422,
                    -0.04873733967542648,
                    0.3648822009563446,
                    1.4708871841430664
                ],
                [
                    0.3681226968765259,
                    -0.12309717386960983,
                    0.9215924739837646,
                    3.7150580883026123
                ],
                [
                    0.0,
                    0.9911970496177673,
                    0.13239426910877228,
                    0.5336983799934387
                ],
                [
                    0.0,
                    0.0,
                    0.0,
                    1.0
                ]
            ]
        },
        {
            "file_path": "./train/r_196",
            "rotation": 0.031415926535897934,
            "transform_matrix": [
                [
                    -0.9685841798782349,
                    -0.18183347582817078,
                    0.16965048015117645,
                    0.6838829517364502
                ],
                [
                    0.24868592619895935,
                    -0.7082066535949707,
                    0.6607561707496643,
                    2.663593292236328
                ],
                [
                    7.450580596923828e-09,
                    0.6821876764297485,
                    0.7311770915985107,
                    2.9474692344665527
                ],
                [
                    0.0,
                    0.0,
                    0.0,
                    1.0
                ]
            ]
        },
        {
            "file_path": "./train/r_15",
            "rotation": 0.031415926535897934,
            "transform_matrix": [
                [
                    -0.5877850651741028,
                    0.5752823352813721,
                    -0.5688223838806152,
                    -2.292996406555176
                ],
                [
                    -0.8090171813964844,
                    -0.4179668724536896,
                    0.4132734537124634,
                    1.6659585237503052
                ],
                [
                    0.0,
                    0.7031029462814331,
                    0.7110880017280579,
                    2.866487503051758
                ],
                [
                    0.0,
                    0.0,
                    0.0,
                    1.0
                ]
            ]
        },
        {
            "file_path": "./train/r_16",
            "rotation": 0.031415926535897934,
            "transform_matrix": [
                [
                    -0.5358266830444336,
                    0.5975127816200256,
                    -0.5965467691421509,
                    -2.404757022857666
                ],
                [
                    -0.8443280458450317,
                    -0.3791930675506592,
                    0.3785799741744995,
                    1.5261046886444092
                ],
                [
                    -2.980232594040899e-08,
                    0.7065343856811523,
                    0.7076786160469055,
                    2.8527438640594482
                ],
                [
                    0.0,
                    0.0,
                    0.0,
                    1.0
                ]
            ]
        },
        {
            "file_path": "./train/r_167",
            "rotation": 0.031415926535897934,
            "transform_matrix": [
                [
                    0.4817507565021515,
                    -0.5254116654396057,
                    0.7013264298439026,
                    2.827136993408203
                ],
                [
                    0.8763082027435303,
                    0.2888452708721161,
                    -0.3855544328689575,
                    -1.5542194843292236
                ],
                [
                    -2.9802320611338473e-08,
                    0.8003191947937012,
                    0.599574089050293,
                    2.4169602394104004
                ],
                [
                    0.0,
                    0.0,
                    0.0,
                    1.0
                ]
            ]
        },
        {
            "file_path": "./train/r_37",
            "rotation": 0.031415926535897934,
            "transform_matrix": [
                [
                    0.6845476031303406,
                    0.4255577623844147,
                    -0.5918574333190918,
                    -2.3858535289764404
                ],
                [
                    -0.7289682030677795,
                    0.39962583780288696,
                    -0.5557918548583984,
                    -2.240468740463257
                ],
                [
                    -1.4901162970204496e-08,
                    0.8119112253189087,
                    0.5837808847427368,
                    2.3532960414886475
                ],
                [
                    0.0,
                    0.0,
                    0.0,
                    1.0
                ]
            ]
        },
        {
            "file_path": "./train/r_147",
            "rotation": 0.031415926535897934,
            "transform_matrix": [
                [
                    0.9822878241539001,
                    0.07819581776857376,
                    -0.1702825278043747,
                    -0.686430811882019
                ],
                [
                    -0.18737855553627014,
                    0.4099230468273163,
                    -0.8926658630371094,
                    -3.5984511375427246
                ],
                [
                    -7.450580596923828e-09,
                    0.9087619781494141,
                    0.41731464862823486,
                    1.6822491884231567
                ],
                [
                    0.0,
                    0.0,
                    0.0,
                    1.0
                ]
            ]
        },
        {
            "file_path": "./train/r_173",
            "rotation": 0.031415926535897934,
            "transform_matrix": [
                [
                    0.12532977759838104,
                    -0.6372036933898926,
                    0.7604367733001709,
                    3.065418243408203
                ],
                [
                    0.9921151399612427,
                    0.08049529045820236,
                    -0.09606281667947769,
                    -0.38724154233932495
                ],
                [
                    0.0,
                    0.7664802074432373,
                    0.6422678828239441,
                    2.589064359664917
                ],
                [
                    0.0,
                    0.0,
                    0.0,
                    1.0
                ]
            ]
        },
        {
            "file_path": "./train/r_49",
            "rotation": 0.031415926535897934,
            "transform_matrix": [
                [
                    0.9980268478393555,
                    0.029900548979640007,
                    -0.05521302670240402,
                    -0.22257083654403687
                ],
                [
                    -0.06278950721025467,
                    0.4752633571624756,
                    -0.8776002526283264,
                    -3.5377197265625
                ],
                [
                    0.0,
                    0.879335343837738,
                    0.4762030243873596,
                    1.9196357727050781
                ],
                [
                    0.0,
                    0.0,
                    0.0,
                    1.0
                ]
            ]
        },
        {
            "file_path": "./train/r_80",
            "rotation": 0.031415926535897934,
            "transform_matrix": [
                [
                    -0.30901849269866943,
                    -0.18689529597759247,
                    0.9325113892555237,
                    3.7590739727020264
                ],
                [
                    0.9510560035705566,
                    -0.060726288706064224,
                    0.30299293994903564,
                    1.22140371799469
                ],
                [
                    0.0,
                    0.980501115322113,
                    0.19651341438293457,
                    0.7921710014343262
                ],
                [
                    0.0,
                    0.0,
                    0.0,
                    1.0
                ]
            ]
        },
        {
            "file_path": "./train/r_25",
            "rotation": 0.031415926535897934,
            "transform_matrix": [
                [
                    4.013392072010902e-07,
                    0.6664924621582031,
                    -0.7455117702484131,
                    -3.005254030227661
                ],
                [
                    -1.0,
                    2.6748955406219466e-07,
                    -2.992030943005375e-07,
                    -1.206126285069331e-06
                ],
                [
                    0.0,
                    0.7455117702484131,
                    0.6664924621582031,
                    2.6867170333862305
                ],
                [
                    0.0,
                    0.0,
                    0.0,
                    1.0
                ]
            ]
        },
        {
            "file_path": "./train/r_40",
            "rotation": 0.031415926535897934,
            "transform_matrix": [
                [
                    0.8090174198150635,
                    0.32844194769859314,
                    -0.48745936155319214,
                    -1.9650115966796875
                ],
                [
                    -0.5877846479415894,
                    0.45206230878829956,
                    -0.670931339263916,
                    -2.704610824584961
                ],
                [
                    0.0,
                    0.829316258430481,
                    0.5587794184684753,
                    2.252511978149414
                ],
                [
                    0.0,
                    0.0,
                    0.0,
                    1.0
                ]
            ]
        },
        {
            "file_path": "./train/r_75",
            "rotation": 0.031415926535897934,
            "transform_matrix": [
                [
                    -1.442436200704833e-06,
                    -0.2326129525899887,
                    0.9725693464279175,
                    3.9205524921417236
                ],
                [
                    0.9999999403953552,
                    -3.3552933587088773e-07,
                    1.4028693158252281e-06,
                    5.6551471061538905e-06
                ],
                [
                    -2.842170943040401e-14,
                    0.9725692272186279,
                    0.2326129674911499,
                    0.9376928806304932
                ],
                [
                    0.0,
                    0.0,
                    0.0,
                    1.0
                ]
            ]
        },
        {
            "file_path": "./train/r_145",
            "rotation": 0.031415926535897934,
            "transform_matrix": [
                [
                    0.9510573744773865,
                    0.12282777577638626,
                    -0.28355464339256287,
                    -1.1430453062057495
                ],
                [
                    -0.30901437997817993,
                    0.3780285120010376,
                    -0.8726995587348938,
                    -3.5179643630981445
                ],
                [
                    -7.450580596923828e-09,
                    0.9176098108291626,
                    0.39748236536979675,
                    1.6023026704788208
                ],
                [
                    0.0,
                    0.0,
                    0.0,
                    1.0
                ]
            ]
        },
        {
            "file_path": "./train/r_84",
            "rotation": 0.031415926535897934,
            "transform_matrix": [
                [
                    -0.5358282327651978,
                    -0.14542029798030853,
                    0.8317096829414368,
                    3.352729082107544
                ],
                [
                    0.8443269729614258,
                    -0.09228686988353729,
                    0.5278210043907166,
                    2.1277146339416504
                ],
                [
                    -7.450580596923828e-09,
                    0.9850563406944275,
                    0.17223219573497772,
                    0.6942901611328125
                ],
                [
                    0.0,
                    0.0,
                    0.0,
                    1.0
                ]
            ]
        },
        {
            "file_path": "./train/r_172",
            "rotation": 0.031415926535897934,
            "transform_matrix": [
                [
                    0.1873779594898224,
                    -0.6244082450866699,
                    0.7582900524139404,
                    3.056765079498291
                ],
                [
                    0.9822880029678345,
                    0.11911001801490784,
                    -0.14464886486530304,
                    -0.5830982327461243
                ],
                [
                    7.450581485102248e-09,
                    0.7719632387161255,
                    0.6356672048568726,
                    2.5624563694000244
                ],
                [
                    0.0,
                    0.0,
                    0.0,
                    1.0
                ]
            ]
        },
        {
            "file_path": "./train/r_134",
            "rotation": 0.031415926535897934,
            "transform_matrix": [
                [
                    0.5358289480209351,
                    0.24644097685813904,
                    -0.8075606226921082,
                    -3.2553811073303223
                ],
                [
                    -0.8443266153335571,
                    0.15639705955982208,
                    -0.5124964118003845,
                    -2.06593918800354
                ],
                [
                    0.0,
                    0.9564552903175354,
                    0.29187873005867004,
                    1.1766008138656616
                ],
                [
                    0.0,
                    0.0,
                    0.0,
                    1.0
                ]
            ]
        },
        {
            "file_path": "./train/r_195",
            "rotation": 0.031415926535897934,
            "transform_matrix": [
                [
                    -0.9510578513145447,
                    -0.22554446756839752,
                    0.21123169362545013,
                    0.8515021800994873
                ],
                [
                    0.3090132176876068,
                    -0.694163978099823,
                    0.6501132249832153,
                    2.62069034576416
                ],
                [
                    0.0,
                    0.68356853723526,
                    0.7298862338066101,
                    2.942265510559082
                ],
                [
                    0.0,
                    0.0,
                    0.0,
                    1.0
                ]
            ]
        }
    ]
}