{
    "w": 4032,
    "h": 3024,
    "fl_x": 3193.8640751725407,
    "fl_y": 3256.765951225344,
    "cx": 1836.2025351291093,
    "cy": 1537.3162463892968,
    "k1": -0.02646270496313629,
    "k2": -0.007244357967451344,
    "p1": 0.0005490072748127088,
    "p2": 0.003126370756008668,
    "camera_model": "OPENCV",
    "frames": [
        {
            "file_path": "images/frame_00043.jpeg",
            "transform_matrix": [
                [
                    0.24775236788689176,
                    0.9662990464291216,
                    0.06989218179888616,
                    1.3500831559447943
                ],
                [
                    -0.14235884905137375,
                    0.1076681013585984,
                    -0.9839418367193269,
                    -1.1752525736764994
                ],
                [
                    -0.9583072170777002,
                    0.2338241493516119,
                    0.16423624714656843,
                    -4.97916327700471
                ],
                [
                    0.0,
                    0.0,
                    0.0,
                    1.0
                ]
            ],
            "colmap_im_id": 43
        },
        {
            "file_path": "images/frame_00042.jpeg",
            "transform_matrix": [
                [
                    0.10608557604027821,
                    0.9668319679166874,
                    -0.23233982949668464,
                    -0.541179391720984
                ],
                [
                    -0.09808768155942174,
                    -0.22234368984660569,
                    -0.9700216957943228,
                    -1.4251334850138369
                ],
                [
                    -0.9895072800553313,
                    0.12569498557914935,
                    0.0712468477741827,
                    -5.288521056137273
                ],
                [
                    0.0,
                    0.0,
                    0.0,
                    1.0
                ]
            ],
            "colmap_im_id": 42
        },
        {
            "file_path": "images/frame_00041.jpeg",
            "transform_matrix": [
                [
                    -0.0003775432105022011,
                    0.9354092568430078,
                    -0.3535666552059671,
                    -1.1761846359406005
                ],
                [
                    -0.27202970797030207,
                    -0.3403293429818784,
                    -0.9000976481955247,
                    -1.8168928920016627
                ],
                [
                    -0.9622887796512622,
                    0.09584080820785063,
                    0.25458759600449876,
                    -4.462079040464764
                ],
                [
                    0.0,
                    0.0,
                    0.0,
                    1.0
                ]
            ],
            "colmap_im_id": 41
        },
        {
            "file_path": "images/frame_00040.jpeg",
            "transform_matrix": [
                [
                    -0.16713287460239068,
                    0.9061000021013589,
                    -0.38865072805677064,
                    -2.325872907475238
                ],
                [
                    -0.4075721195767987,
                    -0.4224327718577657,
                    -0.8095897236281102,
                    -2.7563644514005365
                ],
                [
                    -0.8977480546182299,
                    0.023094143250643018,
                    0.4399035018918376,
                    -2.4412807386682243
                ],
                [
                    0.0,
                    0.0,
                    0.0,
                    1.0
                ]
            ],
            "colmap_im_id": 40
        },
        {
            "file_path": "images/frame_00039.jpeg",
            "transform_matrix": [
                [
                    -0.32276162315574985,
                    0.8332272877401707,
                    -0.44895124633196554,
                    -2.760157786217352
                ],
                [
                    -0.3549022967017331,
                    -0.5462729196300354,
                    -0.758703009796793,
                    -2.03288705929854
                ],
                [
                    -0.8774219591585916,
                    -0.08554638650484558,
                    0.47203021231936254,
                    -2.260532872319914
                ],
                [
                    0.0,
                    0.0,
                    0.0,
                    1.0
                ]
            ],
            "colmap_im_id": 39
        },
        {
            "file_path": "images/frame_00038.jpeg",
            "transform_matrix": [
                [
                    -0.4750287928283446,
                    0.7073408399256693,
                    -0.5234659321840288,
                    -3.7725414228320058
                ],
                [
                    -0.26786082163205355,
                    -0.6828693259146933,
                    -0.6796617275964664,
                    -1.5287820230665128
                ],
                [
                    -0.8382113255132303,
                    -0.1826428753005739,
                    0.513851490105159,
                    -1.7947525075202204
                ],
                [
                    0.0,
                    0.0,
                    0.0,
                    1.0
                ]
            ],
            "colmap_im_id": 38
        },
        {
            "file_path": "images/frame_00037.jpeg",
            "transform_matrix": [
                [
                    -0.632744250771123,
                    0.5304011525634335,
                    -0.564189091063866,
                    -3.7203264145322836
                ],
                [
                    -0.15284376402884103,
                    -0.7997980786630976,
                    -0.5804841230940887,
                    -1.1272369223604874
                ],
                [
                    -0.7591267989694384,
                    -0.28106520724948986,
                    0.5871361446548963,
                    -1.5227922964080065
                ],
                [
                    0.0,
                    0.0,
                    0.0,
                    1.0
                ]
            ],
            "colmap_im_id": 37
        },
        {
            "file_path": "images/frame_00036.jpeg",
            "transform_matrix": [
                [
                    -0.7552948080817123,
                    0.3707460762426815,
                    -0.5404415785591117,
                    -2.9127200717355395
                ],
                [
                    -0.06655395896706036,
                    -0.8637422546557816,
                    -0.4995196573388856,
                    -0.15759050778230216
                ],
                [
                    -0.6519971805388577,
                    -0.34131607707929995,
                    0.6770546596077585,
                    -0.9924740203309896
                ],
                [
                    0.0,
                    0.0,
                    0.0,
                    1.0
                ]
            ],
            "colmap_im_id": 36
        },
        {
            "file_path": "images/frame_00035.jpeg",
            "transform_matrix": [
                [
                    -0.7884469526111088,
                    0.004726242559600164,
                    -0.6150846003189507,
                    -3.356869277731568
                ],
                [
                    0.22401938331239335,
                    -0.9290875586085341,
                    -0.2942985292847527,
                    1.0510614222978356
                ],
                [
                    -0.5728583758823734,
                    -0.3698296514208957,
                    0.7314774843502077,
                    0.09451103722762699
                ],
                [
                    0.0,
                    0.0,
                    0.0,
                    1.0
                ]
            ],
            "colmap_im_id": 35
        },
        {
            "file_path": "images/frame_00034.jpeg",
            "transform_matrix": [
                [
                    -0.7933011926940203,
                    -0.03634473057502617,
                    -0.6077435957948657,
                    -3.2437773566078048
                ],
                [
                    0.25197637921562066,
                    -0.9283120229561258,
                    -0.2733947555321625,
                    1.4007375807436293
                ],
                [
                    -0.5542392281205204,
                    -0.37002141639982666,
                    0.7455890486171559,
                    0.11527452531188877
                ],
                [
                    0.0,
                    0.0,
                    0.0,
                    1.0
                ]
            ],
            "colmap_im_id": 34
        },
        {
            "file_path": "images/frame_00033.jpeg",
            "transform_matrix": [
                [
                    -0.7902990407602848,
                    -0.14965138027678043,
                    -0.59416486815919,
                    -3.367108633733099
                ],
                [
                    0.3465923387243307,
                    -0.9088492436342215,
                    -0.2320922296913496,
                    1.877924889225572
                ],
                [
                    -0.5052733684956809,
                    -0.38935525773611646,
                    0.7701307073232895,
                    0.696979022356582
                ],
                [
                    0.0,
                    0.0,
                    0.0,
                    1.0
                ]
            ],
            "colmap_im_id": 33
        },
        {
            "file_path": "images/frame_00032.jpeg",
            "transform_matrix": [
                [
                    -0.7711052776389303,
                    -0.2641657385184865,
                    -0.579321252320654,
                    -3.0187554581066176
                ],
                [
                    0.4495547794971681,
                    -0.8702126764253407,
                    -0.2015698341019758,
                    2.0922358443451543
                ],
                [
                    -0.4508848534034391,
                    -0.415868200733872,
                    0.7897825577902637,
                    0.8713527935359916
                ],
                [
                    0.0,
                    0.0,
                    0.0,
                    1.0
                ]
            ],
            "colmap_im_id": 32
        },
        {
            "file_path": "images/frame_00031.jpeg",
            "transform_matrix": [
                [
                    -0.7410946200214147,
                    -0.3515987105446378,
                    -0.5719764950753335,
                    -2.9904743993464296
                ],
                [
                    0.5214868558126501,
                    -0.8380208594542983,
                    -0.1605381522695332,
                    2.2590713020694375
                ],
                [
                    -0.42288322665950145,
                    -0.4172521849707051,
                    0.8044068564770077,
                    1.0433418299683987
                ],
                [
                    0.0,
                    0.0,
                    0.0,
                    1.0
                ]
            ],
            "colmap_im_id": 31
        },
        {
            "file_path": "images/frame_00030.jpeg",
            "transform_matrix": [
                [
                    -0.6651096500711133,
                    -0.6374463324238797,
                    -0.38896185759226526,
                    -1.3231235444859524
                ],
                [
                    0.7067641310185018,
                    -0.7055121085880396,
                    -0.05231756627864042,
                    3.1910709868983105
                ],
                [
                    -0.24106765956457735,
                    -0.3097012074806985,
                    0.919767114870419,
                    0.36740313406930625
                ],
                [
                    0.0,
                    0.0,
                    0.0,
                    1.0
                ]
            ],
            "colmap_im_id": 30
        },
        {
            "file_path": "images/frame_00013.jpeg",
            "transform_matrix": [
                [
                    0.8895021377415427,
                    -0.255790475140359,
                    0.3786253818495195,
                    4.0962955909963625
                ],
                [
                    0.39981049499513344,
                    0.8368676155659907,
                    -0.3739039477040046,
                    0.32984974202595363
                ],
                [
                    -0.22121825206110704,
                    0.483966762127692,
                    0.846663249533524,
                    0.32792966250748257
                ],
                [
                    0.0,
                    0.0,
                    0.0,
                    1.0
                ]
            ],
            "colmap_im_id": 13
        },
        {
            "file_path": "images/frame_00012.jpeg",
            "transform_matrix": [
                [
                    0.9093098840164087,
                    -0.15363028259762876,
                    0.38672118004970774,
                    3.7613849091855784
                ],
                [
                    0.32000185766744343,
                    0.8522401676806902,
                    -0.4138665336566541,
                    -0.055506740953356906
                ],
                [
                    -0.2659968908078645,
                    0.5000844257328575,
                    0.8241123838530685,
                    0.2222646637196667
                ],
                [
                    0.0,
                    0.0,
                    0.0,
                    1.0
                ]
            ],
            "colmap_im_id": 12
        },
        {
            "file_path": "images/frame_00011.jpeg",
            "transform_matrix": [
                [
                    0.9199173213467101,
                    0.027342440289889643,
                    0.39115791292684776,
                    3.698897426037227
                ],
                [
                    0.19197399071600985,
                    0.8384251080495547,
                    -0.5100875660910207,
                    -0.8537906956410868
                ],
                [
                    -0.34190365422858965,
                    0.5443305329954271,
                    0.7660327421684083,
                    -0.05313351589378191
                ],
                [
                    0.0,
                    0.0,
                    0.0,
                    1.0
                ]
            ],
            "colmap_im_id": 11
        },
        {
            "file_path": "images/frame_00010.jpeg",
            "transform_matrix": [
                [
                    0.9142780744775453,
                    0.14027126427457418,
                    0.380025755638279,
                    3.5230681296546598
                ],
                [
                    0.10701994320287617,
                    0.8211619273381924,
                    -0.5605709775283397,
                    -1.0859674144819906
                ],
                [
                    -0.3906946816716162,
                    0.5531880887266445,
                    0.7357585230253719,
                    -0.17249570879843593
                ],
                [
                    0.0,
                    0.0,
                    0.0,
                    1.0
                ]
            ],
            "colmap_im_id": 10
        },
        {
            "file_path": "images/frame_00009.jpeg",
            "transform_matrix": [
                [
                    0.871583258463278,
                    0.3232916873955935,
                    0.36854458132964674,
                    3.8937084958156922
                ],
                [
                    -0.015141405538087386,
                    0.7691450886891728,
                    -0.6388948038477507,
                    -2.100504379248593
                ],
                [
                    -0.49001363389692115,
                    0.5512697319881026,
                    0.6752690731766854,
                    -0.3995971944977525
                ],
                [
                    0.0,
                    0.0,
                    0.0,
                    1.0
                ]
            ],
            "colmap_im_id": 9
        },
        {
            "file_path": "images/frame_00008.jpeg",
            "transform_matrix": [
                [
                    0.8120573374092118,
                    0.49736133422089646,
                    0.30527787994198247,
                    3.4436067264773316
                ],
                [
                    -0.16183579967624379,
                    0.6945240844832063,
                    -0.7010317182666663,
                    -2.59565261159026
                ],
                [
                    -0.5606889108079568,
                    0.5198730607511548,
                    0.6444842480636852,
                    -0.7311382332920215
                ],
                [
                    0.0,
                    0.0,
                    0.0,
                    1.0
                ]
            ],
            "colmap_im_id": 8
        },
        {
            "file_path": "images/frame_00007.jpeg",
            "transform_matrix": [
                [
                    0.786929841145075,
                    0.5470288534482987,
                    0.28548355225901706,
                    2.5654406647469172
                ],
                [
                    -0.20357576422413093,
                    0.6669255019980224,
                    -0.7167756155208176,
                    -2.8531944483217266
                ],
                [
                    -0.5824932045405751,
                    0.5059345889339115,
                    0.6361853962362904,
                    -1.150367726942027
                ],
                [
                    0.0,
                    0.0,
                    0.0,
                    1.0
                ]
            ],
            "colmap_im_id": 7
        },
        {
            "file_path": "images/frame_00006.jpeg",
            "transform_matrix": [
                [
                    0.6763869751477836,
                    0.7199658192325088,
                    0.1554023133267152,
                    2.173308489475985
                ],
                [
                    -0.35087372745316253,
                    0.50047082194216,
                    -0.7914648341952172,
                    -2.7962772636644306
                ],
                [
                    -0.6476019512274155,
                    0.48080991620535624,
                    0.5911290360361624,
                    -1.7325988648611113
                ],
                [
                    0.0,
                    0.0,
                    0.0,
                    1.0
                ]
            ],
            "colmap_im_id": 6
        },
        {
            "file_path": "images/frame_00005.jpeg",
            "transform_matrix": [
                [
                    0.5569209307948135,
                    0.8220597441516544,
                    0.11856160376763901,
                    1.2799520152869606
                ],
                [
                    -0.3810999530388726,
                    0.3797568728494049,
                    -0.8429398218837507,
                    -3.1415854134450685
                ],
                [
                    -0.7379714781998065,
                    0.42426700857945215,
                    0.5247814809943617,
                    -2.023998502629438
                ],
                [
                    0.0,
                    0.0,
                    0.0,
                    1.0
                ]
            ],
            "colmap_im_id": 5
        },
        {
            "file_path": "images/frame_00004.jpeg",
            "transform_matrix": [
                [
                    0.45543364529915165,
                    0.8902688251445136,
                    0.001270317021204634,
                    0.6434940188113958
                ],
                [
                    -0.3939712088906504,
                    0.20282248868921865,
                    -0.8964651274015915,
                    -3.781914955304619
                ],
                [
                    -0.7983526046145064,
                    0.40777991252355666,
                    0.44311247065221976,
                    -2.4924788981310324
                ],
                [
                    0.0,
                    0.0,
                    0.0,
                    1.0
                ]
            ],
            "colmap_im_id": 4
        },
        {
            "file_path": "images/frame_00003.jpeg",
            "transform_matrix": [
                [
                    0.37601964924916154,
                    0.9248771918532374,
                    -0.0566692453470741,
                    0.06423894942225454
                ],
                [
                    -0.4212853355801483,
                    0.116166754218381,
                    -0.8994575872377127,
                    -3.7350755100221518
                ],
                [
                    -0.8253047251795296,
                    0.3620876485107379,
                    0.4333181803159258,
                    -2.446941901003014
                ],
                [
                    0.0,
                    0.0,
                    0.0,
                    1.0
                ]
            ],
            "colmap_im_id": 3
        },
        {
            "file_path": "images/frame_00002.jpeg",
            "transform_matrix": [
                [
                    0.2292657240585156,
                    0.9669864307623448,
                    -0.1112405973259099,
                    -0.17656260375637392
                ],
                [
                    -0.4130097896844716,
                    -0.006843860589501477,
                    -0.9107008703174824,
                    -4.430062913511517
                ],
                [
                    -0.8813966992204547,
                    0.254735950140007,
                    0.3978057997434865,
                    -2.517192328381667
                ],
                [
                    0.0,
                    0.0,
                    0.0,
                    1.0
                ]
            ],
            "colmap_im_id": 2
        },
        {
            "file_path": "images/frame_00001.jpeg",
            "transform_matrix": [
                [
                    0.1178064944870723,
                    0.9823098825622192,
                    -0.1455641593156295,
                    -1.0860011074456697
                ],
                [
                    -0.3853375530284027,
                    -0.08987909843375244,
                    -0.9183881085308205,
                    -5.118536035729412
                ],
                [
                    -0.9152248904410051,
                    0.16428342060395018,
                    0.36793254494800476,
                    -2.719130010901615
                ],
                [
                    0.0,
                    0.0,
                    0.0,
                    1.0
                ]
            ],
            "colmap_im_id": 1
        },
        {
            "file_path": "images/frame_00014.jpeg",
            "transform_matrix": [
                [
                    0.7875905324362553,
                    -0.4945843458065121,
                    0.3675424847550561,
                    4.383088476037493
                ],
                [
                    0.5948429991859272,
                    0.7659108055170823,
                    -0.2440132051993603,
                    1.5229884660555035
                ],
                [
                    -0.16081964909881916,
                    0.4108125641643868,
                    0.8974241347258353,
                    1.2791598505319806
                ],
                [
                    0.0,
                    0.0,
                    0.0,
                    1.0
                ]
            ],
            "colmap_im_id": 14
        },
        {
            "file_path": "images/frame_00015.jpeg",
            "transform_matrix": [
                [
                    0.7324607877400175,
                    -0.5873301835474454,
                    0.3443028462232004,
                    4.144465904646968
                ],
                [
                    0.6680807610052726,
                    0.717410142785751,
                    -0.19746084118818136,
                    1.7787164145128318
                ],
                [
                    -0.13103164197203915,
                    0.3746544308055789,
                    0.9178587943032736,
                    1.3346471546359937
                ],
                [
                    0.0,
                    0.0,
                    0.0,
                    1.0
                ]
            ],
            "colmap_im_id": 15
        },
        {
            "file_path": "images/frame_00016.jpeg",
            "transform_matrix": [
                [
                    0.6021614496543254,
                    -0.7515660692735137,
                    0.26935113154943535,
                    3.485026700763579
                ],
                [
                    0.7932691785492099,
                    0.6013242630412814,
                    -0.09556746853255914,
                    2.506295711878222
                ],
                [
                    -0.09014210400286378,
                    0.27121499625688067,
                    0.9582884883433156,
                    1.6828503382432252
                ],
                [
                    0.0,
                    0.0,
                    0.0,
                    1.0
                ]
            ],
            "colmap_im_id": 16
        },
        {
            "file_path": "images/frame_00017.jpeg",
            "transform_matrix": [
                [
                    0.4748164021408761,
                    -0.8499081939965492,
                    0.22848511119002549,
                    3.316649345481245
                ],
                [
                    0.8762409769013987,
                    0.48077102159406204,
                    -0.03257261417639627,
                    2.570744553383004
                ],
                [
                    -0.08216528863745404,
                    0.21567402850813203,
                    0.9730023529109256,
                    2.03309542445806
                ],
                [
                    0.0,
                    0.0,
                    0.0,
                    1.0
                ]
            ],
            "colmap_im_id": 17
        },
        {
            "file_path": "images/frame_00018.jpeg",
            "transform_matrix": [
                [
                    0.3828716922790413,
                    -0.9108560507984218,
                    0.15411204357637334,
                    2.3257735146632132
                ],
                [
                    0.9221758253258052,
                    0.386734737062135,
                    -0.005290589206457562,
                    2.9177377619573015
                ],
                [
                    -0.05478151545962633,
                    0.14414401782031816,
                    0.9880392136401077,
                    1.9639656017753337
                ],
                [
                    0.0,
                    0.0,
                    0.0,
                    1.0
                ]
            ],
            "colmap_im_id": 18
        },
        {
            "file_path": "images/frame_00019.jpeg",
            "transform_matrix": [
                [
                    0.2825167986969964,
                    -0.9542197855168781,
                    0.09822860775824765,
                    2.080802584178639
                ],
                [
                    0.9584973090033326,
                    0.2848964245436707,
                    0.010813691118314026,
                    3.1146788994938372
                ],
                [
                    -0.03830361715779083,
                    0.09109680680658003,
                    0.9951051224379635,
                    1.6879887647755358
                ],
                [
                    0.0,
                    0.0,
                    0.0,
                    1.0
                ]
            ],
            "colmap_im_id": 19
        },
        {
            "file_path": "images/frame_00020.jpeg",
            "transform_matrix": [
                [
                    0.17874851516786291,
                    -0.9824648328215273,
                    0.053026602703291355,
                    1.6893962835535294
                ],
                [
                    0.9831225974984641,
                    0.18048348059642522,
                    0.0299277717124581,
                    3.3781161207505126
                ],
                [
                    -0.038973409052294815,
                    0.0467821066302942,
                    0.9981445325633329,
                    1.667682271587062
                ],
                [
                    0.0,
                    0.0,
                    0.0,
                    1.0
                ]
            ],
            "colmap_im_id": 20
        },
        {
            "file_path": "images/frame_00021.jpeg",
            "transform_matrix": [
                [
                    0.10505623833284937,
                    -0.9944423051789804,
                    0.006905682997857266,
                    1.1947918565536428
                ],
                [
                    0.9937288486478558,
                    0.10524317711149057,
                    0.037773655323336534,
                    3.476015396268912
                ],
                [
                    -0.03829049689359436,
                    0.002894018278236428,
                    0.999262459269759,
                    1.872125405053532
                ],
                [
                    0.0,
                    0.0,
                    0.0,
                    1.0
                ]
            ],
            "colmap_im_id": 21
        },
        {
            "file_path": "images/frame_00022.jpeg",
            "transform_matrix": [
                [
                    -0.0009597477695488766,
                    -0.9972644223003629,
                    -0.0739104248272342,
                    0.6807303450386308
                ],
                [
                    0.9990621652596504,
                    -0.00415567825031433,
                    0.04309895920992617,
                    3.5399838905364316
                ],
                [
                    -0.04328820660315997,
                    -0.07379974493318564,
                    0.9963331414827467,
                    1.6034800722590727
                ],
                [
                    0.0,
                    0.0,
                    0.0,
                    1.0
                ]
            ],
            "colmap_im_id": 22
        },
        {
            "file_path": "images/frame_00023.jpeg",
            "transform_matrix": [
                [
                    -0.06733323324181299,
                    -0.9928453098927642,
                    -0.09861250592670642,
                    0.40418398167070624
                ],
                [
                    0.9962194640105682,
                    -0.07233965440871364,
                    0.048101496094448255,
                    3.7944957082847877
                ],
                [
                    -0.05489093939531323,
                    -0.0950008685432348,
                    0.99396268528971,
                    1.681119984261042
                ],
                [
                    0.0,
                    0.0,
                    0.0,
                    1.0
                ]
            ],
            "colmap_im_id": 23
        },
        {
            "file_path": "images/frame_00024.jpeg",
            "transform_matrix": [
                [
                    -0.16035567322516261,
                    -0.9763540598671138,
                    -0.14497864617076928,
                    0.23662949627939578
                ],
                [
                    0.9838698131219178,
                    -0.1699021184444912,
                    0.05597732554808798,
                    3.7833294202873997
                ],
                [
                    -0.07928586817300684,
                    -0.13366383179109573,
                    0.9878500550078307,
                    1.5407450359115034
                ],
                [
                    0.0,
                    0.0,
                    0.0,
                    1.0
                ]
            ],
            "colmap_im_id": 24
        },
        {
            "file_path": "images/frame_00025.jpeg",
            "transform_matrix": [
                [
                    -0.28028785113281107,
                    -0.9240477189963706,
                    -0.2599510213962538,
                    -0.4126751675908351
                ],
                [
                    0.9539129371997365,
                    -0.29836593832840785,
                    0.0320604910813972,
                    3.457642366761969
                ],
                [
                    -0.10718595407198987,
                    -0.23898447619670457,
                    0.9650894214458389,
                    1.375077521441841
                ],
                [
                    0.0,
                    0.0,
                    0.0,
                    1.0
                ]
            ],
            "colmap_im_id": 25
        },
        {
            "file_path": "images/frame_00026.jpeg",
            "transform_matrix": [
                [
                    -0.3772258438572706,
                    -0.8757282750233036,
                    -0.3013314637585644,
                    -0.5845030754817312
                ],
                [
                    0.9149263213692718,
                    -0.4028254845827258,
                    0.025326970533086725,
                    3.603459276168982
                ],
                [
                    -0.1435635371250719,
                    -0.26614209981774956,
                    0.953183032535062,
                    1.4254403446282777
                ],
                [
                    0.0,
                    0.0,
                    0.0,
                    1.0
                ]
            ],
            "colmap_im_id": 26
        },
        {
            "file_path": "images/frame_00027.jpeg",
            "transform_matrix": [
                [
                    -0.4494738103021556,
                    -0.8299415237717638,
                    -0.330409383904066,
                    -0.9592620800839586
                ],
                [
                    0.8747566484054337,
                    -0.48389167218563417,
                    0.025488343608073578,
                    3.662801820719777
                ],
                [
                    -0.1810361840156666,
                    -0.2775714623458136,
                    0.9434934993778453,
                    1.3957766884466747
                ],
                [
                    0.0,
                    0.0,
                    0.0,
                    1.0
                ]
            ],
            "colmap_im_id": 27
        },
        {
            "file_path": "images/frame_00028.jpeg",
            "transform_matrix": [
                [
                    -0.5009979903314382,
                    -0.7778580073487509,
                    -0.37939153138583726,
                    -1.5596352111619232
                ],
                [
                    0.8321802203196685,
                    -0.5533598612267185,
                    0.03562225276221231,
                    3.347571804638857
                ],
                [
                    -0.2376490997091472,
                    -0.2978754511311355,
                    0.9245502263375713,
                    1.2566356514425385
                ],
                [
                    0.0,
                    0.0,
                    0.0,
                    1.0
                ]
            ],
            "colmap_im_id": 28
        },
        {
            "file_path": "images/frame_00029.jpeg",
            "transform_matrix": [
                [
                    -0.5617186607448295,
                    -0.7275765699556918,
                    -0.39383306237864957,
                    -1.3351541125168755
                ],
                [
                    0.7881601611991401,
                    -0.6153401383293295,
                    0.012652053564040273,
                    3.1746239007357224
                ],
                [
                    -0.2515466288177618,
                    -0.3032966353462429,
                    0.9190949050658846,
                    0.9744498610943837
                ],
                [
                    0.0,
                    0.0,
                    0.0,
                    1.0
                ]
            ],
            "colmap_im_id": 29
        }
    ],
    "applied_transform": [
        [
            0.0,
            1.0,
            0.0,
            0.0
        ],
        [
            1.0,
            0.0,
            0.0,
            0.0
        ],
        [
            -0.0,
            -0.0,
            -1.0,
            -0.0
        ]
    ]
}